Ceq,dpm,rpm,bio,hum,iom,inputs
53.84241,0.09368,12.49067,0.92267,35.74356,4.59183,4.68400
