exp,hyp,lin,log
25707.06801,inf,2068.73910,588.80977
0.13929,nan,11.01070,760.04032
,nan,,0.09228
,,,35.60843
